# معرّفنا	الرواية	read	قالب الصوت	حالتنا (none=لا فهرس منشور ⇒ الأولوية)
# مستخرَجة من docs/qa/AYAH_SOURCES_SURVEY_2026-09-05.md (وكيل المشرف github-10)
a_turki	hafs	282	https://server16.mp3quran.net/a_turki/Rewayat-Hafs-A-n-Assem/{s:03d}.mp3	none
aloosi	hafs	225	https://server6.mp3quran.net/aloosi/{s:03d}.mp3	none
alzain	hafs	13	https://server9.mp3quran.net/alzain/{s:03d}.mp3	none
buajan	hafs	58	https://server8.mp3quran.net/buajan/{s:03d}.mp3	none
h_saleh	hafs	299	https://server16.mp3quran.net/h_saleh/Rewayat-Hafs-A-n-Assem/{s:03d}.mp3	none
habdan	hafs	42	https://server6.mp3quran.net/habdan/{s:03d}.mp3	none
hkm	hafs	39	https://server12.mp3quran.net/hkm/{s:03d}.mp3	none
jaleel	hafs	20	https://server10.mp3quran.net/jleel/{s:03d}.mp3	none
jaman	hafs	181	https://server6.mp3quran.net/jaman/{s:03d}.mp3	none
kanakeri	hafs	70	https://server6.mp3quran.net/kanakeri/{s:03d}.mp3	none
m_burhaji	hafs	340	https://server16.mp3quran.net/M_Burhaji/Rewayat-Hafs-A-n-Assem/{s:03d}.mp3	none
mousa	hafs	243	https://server14.mp3quran.net/mousa/Rewayat-Hafs-A-n-Assem/{s:03d}.mp3	none
namh	hafs	88	https://server8.mp3quran.net/namh/{s:03d}.mp3	none
noah	hafs	193	https://server8.mp3quran.net/noah/{s:03d}.mp3	none
obk	hafs	69	https://server12.mp3quran.net/obk/{s:03d}.mp3	none
peshawa	hafs	268	https://server16.mp3quran.net/peshawa/Rewayat-Hafs-A-n-Assem/{s:03d}.mp3	none
qasm	hafs	67	https://server8.mp3quran.net/qasm/{s:03d}.mp3	none
ryan	hafs	48	https://server8.mp3quran.net/ryan/{s:03d}.mp3	none
shah	hafs	110	https://server12.mp3quran.net/shah/{s:03d}.mp3	none
shamrani	hafs	300	https://server16.mp3quran.net/shamrani/Rewayat-Hafs-A-n-Assem/{s:03d}.mp3	none
taher	hafs	38	https://server12.mp3quran.net/taher/{s:03d}.mp3	none
thubti	hafs	49	https://server6.mp3quran.net/thubti/{s:03d}.mp3	none
3siri	hafs	3	https://server6.mp3quran.net/3siri/{s:03d}.mp3	pub
a_ahmed	hafs	55	https://server11.mp3quran.net/a_ahmed/{s:03d}.mp3	pub
a_alemadi	hafs	314	https://server16.mp3quran.net/a_alemadi/Rewayat-Hafs-A-n-Assem/{s:03d}.mp3	pub
a_maasaraawi	hafs	289	https://server16.mp3quran.net/a_maasaraawi/Rewayat-Hafs-A-n-Assem/{s:03d}.mp3	pub
a_majed	hafs	236	https://server10.mp3quran.net/a_majed/{s:03d}.mp3	pub
aamer	hafs	203	https://server10.mp3quran.net/Aamer/{s:03d}.mp3	pub
abkar	hafs	12	https://server6.mp3quran.net/abkr/{s:03d}.mp3	pub
afs	hafs	123	https://server8.mp3quran.net/afs/{s:03d}.mp3	pub
akdr	hafs	1	https://server6.mp3quran.net/akdr/{s:03d}.mp3	pub
arkani	hafs	72	https://server6.mp3quran.net/arkani/{s:03d}.mp3	pub
balilah	hafs	217	https://server6.mp3quran.net/balilah/{s:03d}.mp3	pub
bari	hafs	50	https://server12.mp3quran.net/bari/{s:03d}.mp3	pub
bukheet	hafs	250	https://server14.mp3quran.net/bukheet/{s:03d}.mp3	pub
deban	hafs	265	https://server16.mp3quran.net/deban/Rewayat-Hafs-A-n-Assem/{s:03d}.mp3	pub
dokali	qalun	208	https://server7.mp3quran.net/dokali/{s:03d}.mp3	pub
h_aldaghriri	hafs	10905	https://server16.mp3quran.net/H-Aldaghriri/Rewayat-Hafs-A-n-Assem/{s:03d}.mp3	pub
hafz	hafs	78	https://server6.mp3quran.net/hafz/{s:03d}.mp3	pub
hamza	hafs	25	https://server9.mp3quran.net/hamza/{s:03d}.mp3	pub
hawashi	hafs	6	https://server11.mp3quran.net/hawashi/{s:03d}.mp3	pub
husary_douri	douri	269	https://server13.mp3quran.net/husr/Rewayat-Aldori-A-n-Abi-Amr/{s:03d}.mp3	pub
husary_qalun	qalun	270	https://server13.mp3quran.net/husr/Rewayat-Qalon-A-n-Nafi/{s:03d}.mp3	pub
husary_warsh	warsh	120	https://server13.mp3quran.net/husr/Rewayat-Warsh-A-n-Nafi/{s:03d}.mp3	pub
huthaify_qalun	qalun	75	https://server9.mp3quran.net/huthifi_qalon/{s:03d}.mp3	pub
huthaify_shuba	shuba	305	https://server9.mp3quran.net/hthfi/Rewayat-Sho-bah-A-n-Asim/{s:03d}.mp3	pub
i_sanankoua	hafs	303	https://server16.mp3quran.net/i_sanankoua/Rewayat-Hafs-A-n-Assem/{s:03d}.mp3	pub
ibrahim_dosri	hafs	232	https://server10.mp3quran.net/ibrahim_dosri/Rewayat-Hafs-A-n-Assem/{s:03d}.mp3	pub
kafi	hafs	22	https://server11.mp3quran.net/kafi/{s:03d}.mp3	pub
kh_mohammadi	hafs	295	https://server16.mp3quran.net/kh_mohammadi/Rewayat-Hafs-A-n-Assem/{s:03d}.mp3	pub
khalf	hafs	244	https://server14.mp3quran.net/khalf/{s:03d}.mp3	pub
koshi_warsh	warsh	16	https://server11.mp3quran.net/koshi/{s:03d}.mp3	pub
kurdi	hafs	221	https://server6.mp3quran.net/kurdi/{s:03d}.mp3	pub
kyat	hafs	61	https://server12.mp3quran.net/kyat/{s:03d}.mp3	pub
m_qari	hafs	229	https://server8.mp3quran.net/m_qari/{s:03d}.mp3	pub
m_sayed_warsh	warsh	134	https://server16.mp3quran.net/m_sayed/Rewayat-Warsh-A-n-Nafi/{s:03d}.mp3	pub
mansor	hafs	245	https://server14.mp3quran.net/mansor/{s:03d}.mp3	pub
mohna	hafs	159	https://server11.mp3quran.net/mohna/{s:03d}.mp3	pub
mohsin_harthi	hafs	66	https://server6.mp3quran.net/mohsin_harthi/{s:03d}.mp3	pub
nabil	hafs	87	https://server9.mp3quran.net/nabil/{s:03d}.mp3	pub
nufais	hafs	259	https://server16.mp3quran.net/nufais/Rewayat-Hafs-A-n-Assem/{s:03d}.mp3	pub
qari_warsh	warsh	14	https://server11.mp3quran.net/qari/{s:03d}.mp3	pub
qazabri	warsh	80	https://server9.mp3quran.net/omar_warsh/{s:03d}.mp3	pub
rashad	hafs	198	https://server10.mp3quran.net/rashad/{s:03d}.mp3	pub
s_hashemi	hafs	294	https://server16.mp3quran.net/s_hashemi/Rewayat-Hafs-A-n-Assem/{s:03d}.mp3	pub
saber	hafs	8	https://server8.mp3quran.net/saber/{s:03d}.mp3	pub
sahood	hafs	40	https://server8.mp3quran.net/sahood/{s:03d}.mp3	pub
salah_hashim_m	hafs	44	https://server12.mp3quran.net/salah_hashim_m/{s:03d}.mp3	pub
shaheen	hafs	256	https://server16.mp3quran.net/shaheen/Rewayat-Hafs-A-n-Assem/{s:03d}.mp3	pub
shatri2	hafs	4	https://server11.mp3quran.net/shatri/{s:03d}.mp3	pub
soufi	hafs	258	https://server16.mp3quran.net/soufi/Rewayat-Hafs-A-n-Assem/{s:03d}.mp3	pub
soufi_sousi	sousi	65	https://server16.mp3quran.net/soufi/Rewayat-Assosi-A-n-Abi-Amr/{s:03d}.mp3	pub
tblawi	hafs	106	https://server12.mp3quran.net/tblawi/{s:03d}.mp3	pub
trabulsi	hafs	201	https://server10.mp3quran.net/trabulsi/{s:03d}.mp3	pub
twfeeq	hafs	17	https://server6.mp3quran.net/twfeeq/{s:03d}.mp3	pub
wdee3	hafs	219	https://server6.mp3quran.net/wdee3/{s:03d}.mp3	pub
wdod	hafs	71	https://server8.mp3quran.net/wdod/{s:03d}.mp3	pub
zahrani	hafs	56	https://server9.mp3quran.net/zahrani/{s:03d}.mp3	pub
zaki	hafs	33	https://server9.mp3quran.net/zaki/{s:03d}.mp3	pub
zaml	hafs	139	https://server9.mp3quran.net/zaml/{s:03d}.mp3	pub
